,,,SRS,SRS,SRS,Adjusted,Adjusted,Adjusted
Rk,School,Conf,OSRS,DSRS,SRS,ORtg,DRtg,NRtg
1,Louisville,AAC,14.00,11.28,25.28,121.04,84.24,36.80
2,Arizona,Pac-12,7.30,16.85,24.14,116.11,79.72,36.39
3,Kansas,Big 12,14.38,6.95,21.32,121.64,90.58,31.07
4,Florida,SEC,4.84,15.94,20.78,116.42,84.59,31.83
5,Duke,ACC,14.30,6.00,20.30,125.59,94.84,30.76
6,Villanova,Big East,11.19,8.92,20.10,117.08,87.66,29.43
7,Michigan State,Big Ten,10.75,9.25,20.00,119.01,89.63,29.38
8,Creighton,Big East,13.45,6.39,19.84,126.40,96.95,29.46
9,Oklahoma State,Big 12,13.86,5.97,19.83,117.89,89.73,28.16
10,Iowa,Big Ten,16.79,2.63,19.42,120.10,92.31,27.79
11,Iowa State,Big 12,17.08,2.06,19.15,118.40,91.28,27.12
12,UCLA,Pac-12,14.80,4.15,18.94,119.10,92.17,26.93
13,Wisconsin,Big Ten,9.08,9.85,18.93,122.05,93.03,29.02
14,Michigan,Big Ten,9.44,9.48,18.92,123.98,95.08,28.90
15,Ohio State,Big Ten,3.78,14.72,18.50,111.35,83.13,28.22
16,Virginia,ACC,0.44,18.05,18.49,112.37,83.21,29.16
17,Kentucky,SEC,9.59,8.23,17.82,116.96,90.73,26.23
18,Pittsburgh,ACC,7.66,9.69,17.35,117.41,91.08,26.33
19,Wichita State,MVC,6.02,10.54,16.56,114.30,88.77,25.53
20,Tennessee,SEC,4.97,11.44,16.41,116.30,90.71,25.59
,,,SRS,SRS,SRS,Adjusted,Adjusted,Adjusted
Rk,School,Conf,OSRS,DSRS,SRS,ORtg,DRtg,NRtg
21,Syracuse,ACC,2.52,13.65,16.17,115.79,90.38,25.41
22,Gonzaga,WCC,6.31,9.75,16.06,114.16,90.44,23.72
23,Oregon,Pac-12,15.02,0.99,16.01,118.19,95.11,23.08
24,Connecticut,AAC,4.56,11.42,15.98,111.75,88.39,23.37
25,Oklahoma,Big 12,16.08,-0.34,15.73,118.23,95.84,22.40
26,Cincinnati,AAC,0.89,14.64,15.53,109.47,86.56,22.92
27,Baylor,Big 12,6.88,8.56,15.44,118.79,96.00,22.79
28,North Carolina,ACC,10.47,4.91,15.38,111.87,89.45,22.42
29,San Diego State,MWC,0.88,14.32,15.20,108.04,85.00,23.04
30,Virginia Commonwealth,A-10,7.97,6.99,14.96,108.04,86.32,21.72
31,Arkansas,SEC,13.41,1.14,14.55,112.15,92.22,19.93
32,Arizona State,Pac-12,9.01,5.00,14.01,111.15,90.69,20.47
33,Stanford,Pac-12,7.63,6.24,13.87,113.60,93.27,20.33
34,Utah,Pac-12,4.62,9.10,13.72,112.13,92.52,19.60
35,Southern Methodist,AAC,3.88,9.58,13.46,110.34,89.86,20.48
36,Memphis,AAC,9.05,4.28,13.33,111.42,92.36,19.05
37,New Mexico,MWC,7.32,5.93,13.25,113.98,93.95,20.02
38,Texas,Big 12,7.09,6.16,13.25,110.01,91.00,19.02
39,St. John's (NY),Big East,6.06,7.03,13.09,108.64,89.00,19.64
40,Xavier,Big East,6.42,6.59,13.00,114.36,94.99,19.36
,,,SRS,SRS,SRS,Adjusted,Adjusted,Adjusted
Rk,School,Conf,OSRS,DSRS,SRS,ORtg,DRtg,NRtg
41,Florida State,ACC,5.76,7.03,12.79,110.91,92.15,18.76
42,Louisiana Tech,CUSA,8.80,3.95,12.75,108.98,91.56,17.42
43,Kansas State,Big 12,2.15,10.50,12.66,108.71,89.55,19.16
44,West Virginia,Big 12,10.48,2.06,12.54,115.59,97.69,17.90
45,Brigham Young,WCC,15.84,-3.33,12.51,113.84,96.21,17.62
46,Providence,Big East,7.13,4.85,11.98,113.82,95.74,18.07
47,Minnesota,Big Ten,5.86,6.10,11.97,113.14,95.04,18.10
48,Colorado,Pac-12,4.80,7.16,11.95,109.83,92.74,17.09
49,Saint Louis,A-10,1.98,9.72,11.69,104.36,87.19,17.17
50,Indiana,Big Ten,6.06,5.55,11.61,107.37,91.23,16.14
51,Georgetown,Big East,3.79,7.74,11.53,112.15,94.92,17.23
52,Maryland,ACC,6.43,5.05,11.48,108.68,91.00,17.68
53,Massachusetts,A-10,9.37,1.88,11.26,108.60,92.16,16.44
54,Clemson,ACC,-4.05,15.15,11.11,106.81,89.46,17.35
55,George Washington,A-10,5.06,5.84,10.89,110.16,94.04,16.11
56,Illinois,Big Ten,-1.15,12.00,10.85,107.14,90.51,16.63
57,California,Pac-12,5.60,5.21,10.81,110.79,94.90,15.89
58,Nebraska,Big Ten,2.97,7.83,10.80,109.23,92.82,16.42
59,Marquette,Big East,6.00,4.79,10.79,109.82,94.02,15.79
60,Harvard,Ivy,3.73,6.92,10.64,109.13,92.08,17.06
,,,SRS,SRS,SRS,Adjusted,Adjusted,Adjusted
Rk,School,Conf,OSRS,DSRS,SRS,ORtg,DRtg,NRtg
61,Missouri,SEC,7.25,3.32,10.56,113.56,98.13,15.42
62,Louisiana State,SEC,8.55,1.78,10.33,109.20,94.07,15.14
63,Dayton,A-10,5.18,4.57,9.75,112.52,97.57,14.95
64,Saint Mary's (CA),WCC,2.42,7.00,9.42,112.85,98.60,14.24
65,Boise State,MWC,6.94,2.30,9.24,114.36,100.79,13.57
66,Saint Joseph's,A-10,3.61,5.59,9.20,110.46,96.33,14.13
67,Texas Tech,Big 12,0.83,8.28,9.11,111.62,98.74,12.89
68,Nevada-Las Vegas,MWC,3.14,5.83,8.97,106.56,93.22,13.34
69,Penn State,Big Ten,5.76,2.88,8.64,111.27,98.06,13.21
70,North Carolina State,ACC,6.13,2.48,8.62,112.12,98.77,13.35
71,Alabama,SEC,0.12,8.37,8.50,107.23,94.70,12.53
72,Purdue,Big Ten,7.14,1.34,8.48,107.98,95.58,12.40
73,Notre Dame,ACC,5.72,2.67,8.39,113.74,101.41,12.32
74,Seton Hall,Big East,3.78,4.41,8.19,109.31,97.31,12.00
75,Green Bay,Horizon,3.71,4.37,8.08,107.03,94.65,12.39
76,Georgia,SEC,1.09,6.91,8.00,107.65,95.68,11.97
77,Mississippi,SEC,8.72,-0.83,7.89,109.66,97.82,11.84
78,Butler,Big East,0.56,7.26,7.82,106.51,95.38,11.13
79,Miami (FL),ACC,-4.48,12.23,7.75,107.78,95.52,12.26
80,Oregon State,Pac-12,7.01,0.07,7.08,111.36,101.36,10.00
,,,SRS,SRS,SRS,Adjusted,Adjusted,Adjusted
Rk,School,Conf,OSRS,DSRS,SRS,ORtg,DRtg,NRtg
81,Washington,Pac-12,7.81,-1.06,6.75,111.42,101.27,10.15
82,Southern Mississippi,CUSA,0.39,6.26,6.66,108.35,98.01,10.34
83,North Dakota State,Summit,4.23,2.41,6.63,114.39,103.43,10.95
84,Tulsa,CUSA,3.51,3.11,6.62,104.95,94.67,10.29
85,San Francisco,WCC,5.19,1.35,6.53,111.11,100.61,10.50
86,Georgia State,Sun Belt,5.84,0.56,6.41,113.36,103.02,10.33
87,New Mexico State,WAC,5.22,1.18,6.40,110.02,99.75,10.27
88,St. Bonaventure,A-10,3.92,2.10,6.02,107.73,98.34,9.39
89,Richmond,A-10,-2.01,7.78,5.77,103.35,94.11,9.24
90,Iona,MAAC,12.05,-6.37,5.68,115.46,107.26,8.20
91,Vanderbilt,SEC,-2.65,8.26,5.62,103.42,95.04,8.38
92,Wake Forest,ACC,3.22,2.35,5.58,105.74,97.49,8.26
93,Manhattan,MAAC,5.11,0.46,5.57,103.71,95.88,7.84
94,Texas A&M,SEC,-3.32,8.82,5.50,101.38,93.03,8.35
95,Northern Iowa,MVC,4.60,0.87,5.47,111.71,102.76,8.95
96,South Carolina,SEC,2.11,3.34,5.45,106.24,97.81,8.42
97,Wyoming,MWC,-3.97,9.28,5.31,104.78,96.52,8.25
98,Portland,WCC,5.39,-0.13,5.26,107.92,100.23,7.69
99,Georgia Tech,ACC,0.38,4.87,5.25,103.95,96.08,7.87
100,Utah State,MWC,1.27,3.92,5.19,110.31,102.41,7.91
,,,SRS,SRS,SRS,Adjusted,Adjusted,Adjusted
Rk,School,Conf,OSRS,DSRS,SRS,ORtg,DRtg,NRtg
101,Auburn,SEC,4.66,0.42,5.08,108.51,100.64,7.87
102,Northwestern,Big Ten,-7.18,12.26,5.08,98.74,91.89,6.85
103,California-Irvine,Big West,-2.69,7.61,4.92,101.91,93.20,8.71
104,Mercer,A-Sun,3.65,1.21,4.86,107.20,98.87,8.33
105,Texas-El Paso,CUSA,-1.10,5.89,4.78,104.37,96.76,7.61
106,Middle Tennessee,CUSA,-2.14,6.90,4.77,102.48,94.53,7.95
107,Cleveland State,Horizon,1.03,3.73,4.76,107.93,100.09,7.85
108,California-Santa Barbara,Big West,1.37,3.36,4.73,108.95,102.03,6.92
109,Vermont,AEC,-0.94,5.65,4.70,107.10,98.39,8.72
110,Stephen F. Austin,Southland,-0.48,5.13,4.65,108.37,100.44,7.93
111,La Salle,A-10,-0.65,4.89,4.25,103.72,97.05,6.67
112,North Carolina Central,MEAC,-1.23,5.35,4.12,104.48,97.65,6.83
113,Princeton,Ivy,0.16,3.96,4.11,106.21,98.86,7.35
114,Buffalo,MAC (East),3.80,0.18,3.98,106.98,100.49,6.48
115,Hawaii,Big West,7.07,-3.18,3.89,108.80,103.02,5.79
116,Toledo,MAC (West),9.34,-5.47,3.87,113.48,107.37,6.11
117,Fresno State,MWC,5.44,-1.65,3.79,109.05,102.68,6.37
118,Colorado State,MWC,3.68,0.05,3.72,109.66,103.28,6.38
119,Indiana State,MVC,0.79,2.87,3.67,105.21,99.28,5.92
120,Ohio,MAC (East),0.89,2.43,3.32,104.87,99.36,5.52
,,,SRS,SRS,SRS,Adjusted,Adjusted,Adjusted
Rk,School,Conf,OSRS,DSRS,SRS,ORtg,DRtg,NRtg
121,Boston College,ACC,3.59,-0.43,3.16,113.32,108.51,4.81
122,Southern California,Pac-12,3.87,-0.71,3.16,103.23,98.14,5.09
123,Rhode Island,A-10,-1.17,4.18,3.02,102.32,97.42,4.90
124,Louisiana-Lafayette,Sun Belt,8.42,-5.48,2.93,107.79,103.63,4.16
125,Delaware,CAA,9.50,-6.66,2.84,108.73,104.67,4.05
126,Temple,AAC,7.29,-4.47,2.82,109.62,105.25,4.37
127,Eastern Michigan,MAC (West),-6.00,8.82,2.81,95.87,91.05,4.82
128,Houston,AAC,4.12,-1.32,2.80,109.04,104.28,4.77
129,San Diego,WCC,-4.12,6.83,2.71,103.33,98.86,4.47
130,Western Michigan,MAC (West),1.49,1.03,2.52,104.09,100.19,3.90
131,Central Florida,AAC,4.47,-2.07,2.40,106.13,102.41,3.72
132,Nevada,MWC,3.78,-1.39,2.39,107.70,103.79,3.91
133,Belmont,OVC (East),7.13,-4.81,2.33,110.98,106.97,4.00
134,Columbia,Ivy,-3.75,6.03,2.27,104.37,99.86,4.52
135,George Mason,A-10,1.16,1.10,2.27,103.35,99.35,4.01
136,DePaul,Big East,3.46,-1.24,2.22,105.60,102.60,3.00
137,Pacific,WCC,3.86,-1.86,2.01,108.34,105.36,2.98
138,Virginia Tech,ACC,-3.73,5.72,1.99,100.03,97.51,2.52
139,Long Beach State,Big West,0.22,1.73,1.95,103.20,100.10,3.11
140,Boston University,Patriot,1.07,0.82,1.89,103.07,99.81,3.26
,,,SRS,SRS,SRS,Adjusted,Adjusted,Adjusted
Rk,School,Conf,OSRS,DSRS,SRS,ORtg,DRtg,NRtg
141,Washington State,Pac-12,-5.54,7.43,1.88,100.76,99.25,1.51
142,Akron,MAC (East),-1.60,3.41,1.81,101.79,98.78,3.01
143,Canisius,MAAC,5.36,-3.73,1.63,109.12,106.27,2.85
144,American,Patriot,-7.29,8.91,1.62,101.97,98.34,3.63
145,Drexel,CAA,-0.89,2.29,1.40,102.59,99.83,2.76
146,Santa Clara,WCC,0.59,0.67,1.26,105.81,103.51,2.30
147,Pepperdine,WCC,2.11,-0.87,1.25,105.85,103.38,2.47
148,Denver,Summit,-4.40,5.60,1.21,108.85,106.66,2.20
149,Towson,CAA,0.95,0.16,1.10,107.02,104.60,2.42
150,Illinois State,MVC,0.23,0.86,1.09,99.83,97.36,2.48
151,Missouri State,MVC,-0.03,1.04,1.02,105.00,103.52,1.48
152,Alabama-Birmingham,CUSA,1.96,-1.01,0.95,101.77,99.83,1.94
153,Davidson,Southern,6.13,-5.29,0.84,109.79,107.38,2.41
154,Duquesne,A-10,4.90,-4.10,0.80,108.36,106.77,1.59
155,South Dakota State,Summit,0.97,-0.44,0.53,104.32,102.80,1.52
156,IPFW,Summit,2.40,-2.04,0.36,105.90,104.99,0.92
157,Valparaiso,Horizon,-1.28,1.64,0.35,101.89,100.79,1.10
158,Wright State,Horizon,-6.03,6.17,0.14,98.40,96.93,1.47
159,Eastern Kentucky,OVC (East),2.48,-2.52,-0.03,108.28,107.81,0.47
160,Loyola Marymount,WCC,3.93,-4.00,-0.07,103.89,103.57,0.32
,,,SRS,SRS,SRS,Adjusted,Adjusted,Adjusted
Rk,School,Conf,OSRS,DSRS,SRS,ORtg,DRtg,NRtg
161,Arkansas State,Sun Belt,3.55,-3.72,-0.18,103.18,103.33,-0.15
162,Quinnipiac,MAAC,6.62,-6.80,-0.18,107.05,106.80,0.25
163,Rutgers,AAC,2.02,-2.20,-0.18,104.10,103.72,0.38
164,Nebraska-Omaha,Summit,8.13,-8.49,-0.36,103.21,103.76,-0.54
165,Southern Illinois,MVC,-3.44,3.08,-0.37,103.06,103.46,-0.40
166,South Florida,AAC,-2.13,1.68,-0.45,100.24,100.77,-0.53
167,Drake,MVC,-2.09,1.55,-0.54,103.65,104.24,-0.60
168,Charlotte,CUSA,1.40,-1.99,-0.59,101.25,101.31,-0.06
169,Cal Poly,Big West,-8.81,8.05,-0.76,101.07,101.60,-0.53
170,Mississippi State,SEC,-0.66,-0.11,-0.77,99.92,100.64,-0.73
171,Weber State,Big Sky,-1.21,0.41,-0.81,104.32,105.17,-0.86
172,Texas Christian,Big 12,-3.90,2.99,-0.91,99.48,101.22,-1.74
173,Bucknell,Patriot,-4.62,3.68,-0.94,100.55,100.87,-0.32
174,Holy Cross,Patriot,-3.43,2.24,-1.20,100.78,101.43,-0.65
175,Brown,Ivy,-0.16,-1.12,-1.28,97.58,98.90,-1.32
176,Milwaukee,Horizon,0.21,-1.49,-1.28,101.41,102.68,-1.28
177,Stony Brook,AEC,-0.72,-0.56,-1.28,102.88,103.71,-0.83
178,Kent State,MAC (East),-0.75,-0.64,-1.39,101.92,103.40,-1.47
179,Western Kentucky,Sun Belt,-3.95,2.53,-1.41,98.55,100.19,-1.64
180,William & Mary,CAA,2.06,-3.49,-1.43,109.71,111.71,-2.00
,,,SRS,SRS,SRS,Adjusted,Adjusted,Adjusted
Rk,School,Conf,OSRS,DSRS,SRS,ORtg,DRtg,NRtg
181,Murray State,OVC (West),2.26,-3.93,-1.67,104.42,106.47,-2.06
182,Old Dominion,CUSA,-6.39,4.69,-1.70,96.94,99.10,-2.16
183,College of Charleston,CAA,-8.04,6.18,-1.87,95.69,98.63,-2.94
184,Morehead State,OVC (East),1.84,-3.74,-1.91,99.85,102.85,-3.00
185,Oakland,Horizon,5.06,-6.99,-1.93,107.71,110.09,-2.38
186,Youngstown State,Horizon,3.68,-5.74,-2.05,105.26,107.51,-2.26
187,South Carolina Upstate,A-Sun,-1.43,-0.76,-2.19,102.14,104.64,-2.50
188,Yale,Ivy,-4.26,2.05,-2.22,99.39,102.15,-2.75
189,Colgate,Patriot,-0.65,-1.59,-2.23,106.38,108.73,-2.35
190,Florida Gulf Coast,A-Sun,-2.90,0.48,-2.42,97.83,101.13,-3.30
191,Siena,MAAC,-2.28,-0.17,-2.45,98.75,101.29,-2.54
192,Bradley,MVC,-6.17,3.70,-2.47,98.23,102.07,-3.84
193,Oral Roberts,Southland,-1.23,-1.60,-2.83,104.31,107.53,-3.22
194,Northeastern,CAA,-3.93,0.97,-2.96,99.01,103.12,-4.11
195,Evansville,MVC,-0.26,-2.71,-2.98,101.07,105.07,-4.00
196,Northern Illinois,MAC (West),-9.66,6.66,-3.00,92.24,96.22,-3.98
197,Detroit Mercy,Horizon,-0.88,-2.15,-3.02,98.43,102.10,-3.67
198,Bowling Green State,MAC (East),-7.88,4.85,-3.03,91.45,95.30,-3.86
199,Fordham,A-10,4.12,-7.20,-3.08,106.36,109.69,-3.34
200,Northern Colorado,Big Sky,-0.18,-3.15,-3.33,106.79,111.01,-4.22
,,,SRS,SRS,SRS,Adjusted,Adjusted,Adjusted
Rk,School,Conf,OSRS,DSRS,SRS,ORtg,DRtg,NRtg
201,Northwestern State,Southland,12.17,-15.67,-3.50,105.29,109.36,-4.07
202,Wagner,NEC,-3.55,-0.11,-3.66,94.28,98.93,-4.65
203,Air Force,MWC,-4.56,0.85,-3.71,99.27,104.56,-5.29
204,Albany (NY),AEC,-6.42,2.71,-3.71,98.61,103.02,-4.41
205,East Carolina,CUSA,-0.84,-2.88,-3.72,103.54,109.38,-5.84
206,Southern,SWAC,-5.45,1.61,-3.85,93.85,98.61,-4.76
207,Miami (OH),MAC (East),-4.16,0.29,-3.88,96.94,102.11,-5.17
208,Elon,Southern,-1.94,-1.97,-3.91,101.50,106.50,-5.00
209,Montana,Big Sky,-3.48,-0.44,-3.92,105.60,110.56,-4.96
210,Robert Morris,NEC,-2.32,-1.63,-3.95,101.80,106.58,-4.77
211,Bryant,NEC,0.73,-4.86,-4.12,102.14,107.41,-5.27
212,Utah Valley,WAC,-7.44,3.22,-4.22,99.05,104.69,-5.63
213,Marshall,CUSA,-0.80,-3.51,-4.31,98.04,103.66,-5.61
214,Rider,MAAC,1.68,-6.11,-4.43,104.07,110.29,-6.22
215,Cal State Northridge,Big West,4.58,-9.04,-4.46,103.44,109.61,-6.17
216,North Texas,CUSA,-1.67,-2.82,-4.48,96.93,102.45,-5.52
217,Wofford,Southern,-9.22,4.69,-4.53,97.73,103.70,-5.97
218,Cal State Bakersfield,WAC,-4.86,0.32,-4.54,98.49,104.61,-6.12
219,St. Francis (NY),NEC,-5.36,0.80,-4.56,94.51,100.33,-5.82
220,Loyola (IL),MVC,-4.67,0.09,-4.58,99.91,106.45,-6.54
,,,SRS,SRS,SRS,Adjusted,Adjusted,Adjusted
Rk,School,Conf,OSRS,DSRS,SRS,ORtg,DRtg,NRtg
221,Cal State Fullerton,Big West,-2.63,-1.98,-4.62,99.18,105.49,-6.30
222,Dartmouth,Ivy,-4.43,-0.22,-4.64,101.43,107.21,-5.79
223,Texas-Arlington,Sun Belt,4.51,-9.19,-4.68,103.09,109.23,-6.14
224,Sam Houston State,Southland,-0.90,-3.88,-4.78,101.80,107.56,-5.75
225,Eastern Washington,Big Sky,4.18,-9.00,-4.82,102.90,109.18,-6.28
226,South Alabama,Sun Belt,-2.97,-1.91,-4.88,99.04,106.51,-7.47
227,Florida Atlantic,CUSA,-5.57,0.60,-4.97,98.08,104.88,-6.80
228,Louisiana-Monroe,Sun Belt,-8.48,3.51,-4.97,94.79,102.89,-8.10
229,Marist,MAAC,-3.98,-1.04,-5.01,97.18,103.71,-6.53
230,Arkansas-Little Rock,Sun Belt,-0.37,-4.81,-5.18,97.37,103.91,-6.54
231,Florida International,CUSA,-3.06,-2.23,-5.29,98.57,105.37,-6.80
232,Hampton,MEAC,-0.64,-4.76,-5.40,91.65,99.37,-7.72
233,Charleston Southern,Big South (South),1.78,-7.26,-5.48,102.89,110.44,-7.55
234,Seattle,WAC,-2.95,-2.58,-5.53,97.72,104.27,-6.55
235,Morgan State,MEAC,-0.28,-5.37,-5.66,97.48,105.21,-7.73
236,Southeast Missouri State,OVC (West),6.42,-12.17,-5.75,104.87,112.59,-7.72
237,Coastal Carolina,Big South (South),-5.38,-0.43,-5.81,93.82,101.69,-7.87
238,Idaho State,Big Sky,-2.96,-2.86,-5.81,100.57,108.88,-8.32
239,Army,Patriot,1.16,-7.05,-5.88,101.90,109.69,-7.80
240,Troy,Sun Belt,-4.66,-1.26,-5.91,99.01,107.45,-8.43
,,,SRS,SRS,SRS,Adjusted,Adjusted,Adjusted
Rk,School,Conf,OSRS,DSRS,SRS,ORtg,DRtg,NRtg
241,Mount St. Mary's,NEC,3.72,-9.68,-5.96,103.66,111.34,-7.68
242,Texas A&M-Corpus Christi,Southland,-7.35,1.38,-5.97,99.81,107.18,-7.37
243,North Dakota,Big Sky,1.56,-7.53,-5.98,102.01,110.34,-8.33
244,Saint Peter's,MAAC,-10.47,4.48,-6.00,94.32,102.72,-8.41
245,Northern Arizona,Big Sky,-6.24,0.21,-6.03,98.39,106.66,-8.28
246,Idaho,WAC,0.12,-6.18,-6.06,102.28,110.65,-8.37
247,Lehigh,Patriot,-5.74,-0.51,-6.24,94.51,103.16,-8.65
248,Grand Canyon,WAC,-0.91,-5.40,-6.30,100.82,109.48,-8.67
249,East Tennessee State,A-Sun,1.41,-7.78,-6.37,100.09,108.49,-8.41
250,Pennsylvania,Ivy,-2.05,-4.33,-6.38,96.03,104.47,-8.44
251,Hartford,AEC,-6.65,0.13,-6.52,98.28,107.24,-8.96
252,Hofstra,CAA,-2.50,-4.02,-6.52,101.75,111.39,-9.64
253,South Dakota,Summit,-2.71,-3.89,-6.60,98.89,107.85,-8.96
254,Portland State,Big Sky,-1.65,-4.98,-6.63,100.20,109.40,-9.20
255,Winthrop,Big South (South),-2.32,-4.39,-6.71,99.61,108.87,-9.26
256,Western Carolina,Southern,-0.82,-5.92,-6.74,99.19,108.52,-9.33
257,Illinois-Chicago,Horizon,-3.98,-2.93,-6.91,98.00,107.68,-9.68
258,North Carolina-Asheville,Big South (South),3.19,-10.16,-6.97,102.19,112.11,-9.92
259,Monmouth,MAAC,-4.24,-2.75,-6.98,93.98,103.75,-9.77
260,Virginia Military Institute,Big South (North),9.46,-16.45,-7.00,100.54,110.43,-9.89
,,,SRS,SRS,SRS,Adjusted,Adjusted,Adjusted
Rk,School,Conf,OSRS,DSRS,SRS,ORtg,DRtg,NRtg
261,Western Illinois,Summit,-12.24,5.14,-7.11,90.60,101.44,-10.83
262,California-Riverside,Big West,-3.48,-3.68,-7.15,95.44,105.02,-9.59
263,Lafayette,Patriot,0.84,-8.17,-7.33,105.59,115.09,-9.49
264,Fairfield,MAAC,-8.21,0.76,-7.44,92.26,102.73,-10.46
265,Sacramento State,Big Sky,-4.63,-2.81,-7.44,100.71,111.38,-10.67
266,Gardner-Webb,Big South (South),-3.69,-3.80,-7.49,94.87,104.93,-10.07
267,James Madison,CAA,-7.14,-0.39,-7.53,94.54,105.67,-11.13
268,San Jose State,MWC,-6.72,-0.83,-7.55,93.10,104.23,-11.12
269,Texas State,Sun Belt,-11.52,3.95,-7.56,92.25,103.02,-10.77
270,North Florida,A-Sun,-0.69,-6.90,-7.59,99.51,109.80,-10.29
271,Texas Southern,SWAC,0.57,-8.42,-7.85,101.76,112.26,-10.50
272,Norfolk State,MEAC,-5.04,-2.81,-7.86,98.66,109.73,-11.08
273,Tulane,CUSA,-6.74,-1.28,-8.02,97.91,110.27,-12.36
274,Radford,Big South (North),-0.19,-7.98,-8.17,101.90,113.44,-11.54
275,Niagara,MAAC,2.54,-10.78,-8.24,98.71,109.30,-10.59
276,Tennessee Tech,OVC (East),-3.57,-4.73,-8.30,96.85,108.34,-11.50
277,Incarnate Word,Southland,0.20,-8.53,-8.34,98.98,109.88,-10.90
278,Central Michigan,MAC (West),-0.42,-7.98,-8.39,104.04,116.20,-12.16
279,Lipscomb,A-Sun,1.26,-9.78,-8.53,99.40,111.33,-11.93
280,Missouri-Kansas City,WAC,-3.05,-5.61,-8.66,94.85,105.95,-11.11
,,,SRS,SRS,SRS,Adjusted,Adjusted,Adjusted
Rk,School,Conf,OSRS,DSRS,SRS,ORtg,DRtg,NRtg
281,North Carolina-Wilmington,CAA,-8.90,0.25,-8.66,92.71,105.02,-12.31
282,High Point,Big South (North),-5.02,-3.91,-8.93,99.85,112.15,-12.30
283,Rice,CUSA,-8.64,-0.62,-9.25,92.22,106.14,-13.92
284,Savannah State,MEAC,-11.90,2.41,-9.48,87.84,101.27,-13.43
285,Ball State,MAC (West),-4.47,-5.17,-9.64,94.10,107.70,-13.61
286,Tennessee State,OVC (East),-5.22,-4.83,-10.05,98.64,112.78,-14.14
287,Montana State,Big Sky,-8.47,-1.65,-10.13,92.89,107.76,-14.87
288,Chicago State,WAC,-1.65,-8.50,-10.15,95.56,109.36,-13.80
289,Loyola (MD),Patriot,-6.17,-4.14,-10.31,93.44,108.30,-14.85
290,Texas-Pan American,WAC,-7.75,-2.70,-10.45,90.85,105.71,-14.86
291,Liberty,Big South (North),-6.72,-3.77,-10.49,96.94,111.60,-14.66
292,Chattanooga,Southern,-2.21,-8.32,-10.53,95.68,109.98,-14.31
293,Northern Kentucky,A-Sun,-5.78,-4.88,-10.67,99.69,115.30,-15.61
294,Southern Illinois-Edwardsville,OVC (West),-3.54,-7.25,-10.78,97.13,111.96,-14.83
295,Austin Peay,OVC (West),-0.33,-10.47,-10.80,96.29,110.76,-14.47
296,Texas-San Antonio,CUSA,-1.42,-9.48,-10.90,98.54,114.12,-15.58
297,Coppin State,MEAC,-3.07,-7.86,-10.93,97.21,112.98,-15.78
298,Fairleigh Dickinson,NEC,-3.62,-7.44,-11.06,98.32,113.83,-15.51
299,California-Davis,Big West,-1.66,-9.43,-11.09,98.55,114.17,-15.61
300,Jackson State,SWAC,-8.94,-2.28,-11.23,90.04,105.35,-15.31
,,,SRS,SRS,SRS,Adjusted,Adjusted,Adjusted
Rk,School,Conf,OSRS,DSRS,SRS,ORtg,DRtg,NRtg
301,Georgia Southern,Southern,-5.75,-5.67,-11.42,94.54,110.39,-15.85
302,Navy,Patriot,-12.42,0.75,-11.67,88.04,105.63,-17.59
303,Eastern Illinois,OVC (West),-7.24,-4.51,-11.75,94.25,111.06,-16.81
304,Alabama State,SWAC,-4.87,-7.12,-11.99,93.08,109.79,-16.71
305,Jacksonville,A-Sun,-0.30,-11.71,-12.02,99.58,116.22,-16.64
306,Jacksonville State,OVC (East),-10.54,-1.55,-12.10,93.93,111.22,-17.29
307,Florida A&M,MEAC,-3.78,-8.43,-12.21,89.94,106.75,-16.82
308,North Carolina-Greensboro,Southern,-4.32,-7.97,-12.29,91.77,108.53,-16.76
309,NJIT,Ind,-4.72,-7.66,-12.38,92.96,110.38,-17.41
310,Delaware State,MEAC,-13.53,0.97,-12.55,92.63,111.46,-18.83
311,Sacred Heart,NEC,-3.87,-8.97,-12.84,94.99,112.42,-17.43
312,Southeastern Louisiana,Southland,-7.51,-5.42,-12.93,94.99,112.57,-17.58
313,Nicholls State,Southland,-7.72,-5.23,-12.95,94.42,112.17,-17.75
314,McNeese State,Southland,-5.93,-7.05,-12.98,93.01,110.57,-17.57
315,Central Connecticut State,NEC,-2.89,-10.15,-13.04,93.49,110.94,-17.45
316,Saint Francis (PA),NEC,-11.88,-1.21,-13.08,91.57,111.16,-19.59
317,Alabama A&M,SWAC,-11.65,-1.83,-13.48,87.09,105.69,-18.61
318,Long Island University,NEC,-1.33,-12.20,-13.53,98.87,117.80,-18.93
319,Massachusetts-Lowell,AEC,-10.20,-3.38,-13.58,91.46,111.12,-19.66
320,Tennessee-Martin,OVC (West),-0.96,-12.70,-13.65,98.87,117.43,-18.56
,,,SRS,SRS,SRS,Adjusted,Adjusted,Adjusted
Rk,School,Conf,OSRS,DSRS,SRS,ORtg,DRtg,NRtg
321,New Hampshire,AEC,-16.05,2.22,-13.83,84.74,105.18,-20.44
322,IUPUI,Summit,-7.55,-6.41,-13.96,93.57,113.77,-20.20
323,Maryland-Baltimore County,AEC,-6.83,-7.18,-14.01,89.07,108.49,-19.43
324,Campbell,Big South (North),-8.66,-5.64,-14.29,95.12,116.10,-20.98
325,New Orleans,Southland,-4.18,-10.68,-14.86,92.09,111.45,-19.36
326,Samford,Southern,-4.64,-10.26,-14.90,96.29,116.90,-20.62
327,Arkansas-Pine Bluff,SWAC,-10.91,-4.03,-14.94,88.33,109.37,-21.05
328,Appalachian State,Southern,-10.16,-5.14,-15.30,88.42,110.05,-21.63
329,Cornell,Ivy,-5.13,-10.35,-15.49,96.58,119.20,-22.62
330,Alcorn State,SWAC,-12.20,-3.33,-15.53,90.48,111.73,-21.24
331,Stetson,A-Sun,-11.72,-4.21,-15.93,90.73,113.89,-23.16
332,Binghamton,AEC,-10.71,-5.31,-16.03,87.49,110.49,-23.00
333,Central Arkansas,Southland,-2.57,-13.51,-16.07,91.30,112.27,-20.97
334,Kennesaw State,A-Sun,-9.58,-6.68,-16.26,88.24,111.11,-22.87
335,Prairie View,SWAC,-5.62,-10.69,-16.31,91.69,113.82,-22.13
336,North Carolina A&T,MEAC,-8.34,-8.02,-16.37,89.17,112.24,-23.07
337,Lamar,Southland,-7.54,-8.89,-16.42,90.50,113.36,-22.86
338,Howard,MEAC,-11.94,-4.72,-16.66,84.43,108.04,-23.61
339,Bethune-Cookman,MEAC,-11.84,-4.85,-16.69,91.85,116.68,-24.83
340,Maryland-Eastern Shore,MEAC,-6.66,-10.19,-16.85,94.68,118.75,-24.07
,,,SRS,SRS,SRS,Adjusted,Adjusted,Adjusted
Rk,School,Conf,OSRS,DSRS,SRS,ORtg,DRtg,NRtg
341,South Carolina State,MEAC,-10.33,-6.77,-17.10,87.75,112.28,-24.53
342,Houston Baptist,Southland,-7.66,-9.53,-17.18,88.65,112.57,-23.92
343,Furman,Southern,-10.53,-6.90,-17.42,89.86,115.28,-25.41
344,Maine,AEC,-0.15,-17.32,-17.47,92.17,115.65,-23.49
345,Citadel,Southern,-9.35,-8.29,-17.64,91.42,117.18,-25.76
346,Southern Utah,Big Sky,-13.68,-5.65,-19.33,84.67,114.03,-29.36
347,Abilene Christian,Southland,-10.78,-8.58,-19.36,88.75,116.63,-27.88
348,Longwood,Big South (North),-7.67,-12.77,-20.44,90.66,119.25,-28.59
349,Mississippi Valley State,SWAC,-4.57,-16.12,-20.69,88.99,116.33,-27.34
350,Presbyterian,Big South (South),-11.52,-9.38,-20.89,89.58,120.14,-30.55
351,Grambling,SWAC,-8.95,-15.20,-24.14,90.19,123.01,-32.81